{"init_keypoint_positions": [[-0.31847351262888696, -0.2557876959231466, 0.9219893520842846], [-0.2636117804041106, -0.2610518382232865, 0.8748067957446488], [-0.2900704133804398, -0.18870201483752225, 0.706340351066607], [-0.30242129527031575, -0.11914131769383446, 0.7107956497815902], [-0.2624460467624657, 0.09016130024494845, 0.7182922945519032], [-0.2788064235460867, 0.21610453832922163, 0.7597539621093938], [-0.2788064235460867, 0.21610453832922163, 0.7597539621093938]], "num_keypoints": 7, "num_stages": 3, "grasp_keypoints": [2, -1, -1], "release_keypoints": [-1, -1, 2]}