{"init_keypoint_positions": [[-0.2648449539655965, -0.2596921064015834, 0.8751124313233073], [-0.25932203935528564, -0.28626166726581115, 0.8153791255557084], [-0.3103876403582898, -0.24197381242900728, 0.7046815311260308], [-0.3126741608398197, -0.1241361936568906, 0.7043295475452394], [-0.28950223772273076, -0.04276471337055884, 0.7004635507710698], [-0.2624460467624657, 0.09016130024494845, 0.7182922945519032], [-0.2788064235460867, 0.21610453832922163, 0.7597539621093938], [-0.2788064235460867, 0.21610453832922163, 0.7597539621093938]], "num_keypoints": 8, "num_stages": 3, "grasp_keypoints": [2, -1, -1], "release_keypoints": [-1, -1, 2]}