{"init_keypoint_positions": [[-0.33496784898355425, -0.25788514448588257, 0.9037414426440586], [-0.25838804961661094, -0.2955344387406864, 0.821714830970446], [-0.28756580308139196, -0.23434696446860603, 0.7036816859297165], [-0.3042137108960584, -0.11751681562833058, 0.7105144759641532], [-0.2624460467624657, 0.09016130024494845, 0.7182922945519032], [-0.3352154747497419, 0.21095445359791715, 0.8010225054656384]], "num_keypoints": 6, "num_stages": 3, "grasp_keypoints": [2, -1, -1], "release_keypoints": [-1, -1, 2]}